lookbacks,weights,rebalance_band,algo_dollar_limit,default_dollar_limit,signal_clip,momentum_lookback,momentum_weight,regime_vol_short,regime_vol_long,regime_threshold,regime_scale,signal_ema_alpha,xs_lookback,xs_weight,xs_include_algo,label,score,mean_pl,sharpe,dvol,half1,half2,train,robust
"(5, 20)",,0.195,100000.0,10000.0,1.0,10,0.0,10,60,1.15,0.22,1.0,5,0.0,False,lb=5/20 w=eq band=0.195 algo=100000 reg=10/60@1.15x0.22,211.49,255.71,2.187,32534905.0,275.99,146.75,10.19,True
"(5, 20)",,0.195,100000.0,10000.0,1.0,10,0.0,10,60,1.15,0.22,1.0,10,0.2,True,lb=5/20 w=eq band=0.195 algo=100000 reg=10/60@1.15x0.22 xs=10@0.20+algo,185.0,222.44,2.223,28248637.0,223.22,147.11,7.14,True
"(5, 20)",,0.195,100000.0,10000.0,1.0,10,0.0,10,60,1.15,0.22,1.0,10,0.2,False,lb=5/20 w=eq band=0.195 algo=100000 reg=10/60@1.15x0.22 xs=10@0.20,184.5,221.98,2.219,28194095.0,221.1,148.23,5.52,True
"(5, 20)",,0.195,100000.0,10000.0,1.0,10,0.0,10,60,1.15,0.22,1.0,10,0.1,True,lb=5/20 w=eq band=0.195 algo=100000 reg=10/60@1.15x0.22 xs=10@0.10+algo,179.77,222.17,2.059,30096296.0,232.92,126.74,8.03,True
"(5, 20)",,0.195,100000.0,10000.0,1.0,10,0.0,10,60,1.15,0.22,1.0,10,0.1,False,lb=5/20 w=eq band=0.195 algo=100000 reg=10/60@1.15x0.22 xs=10@0.10,177.07,219.77,2.037,30025731.0,232.6,121.63,7.75,True
"(5, 20)",,0.195,100000.0,10000.0,1.0,10,0.0,10,60,1.15,0.22,1.0,5,0.1,True,lb=5/20 w=eq band=0.195 algo=100000 reg=10/60@1.15x0.22 xs=5@0.10+algo,173.94,216.98,2.011,31603230.0,226.08,121.86,12.92,True
"(5, 20)",,0.195,100000.0,10000.0,1.0,10,0.0,10,60,1.15,0.22,1.0,5,0.1,False,lb=5/20 w=eq band=0.195 algo=100000 reg=10/60@1.15x0.22 xs=5@0.10,171.62,214.78,1.994,31496084.0,226.42,116.87,12.54,True
"(5, 20)",,0.195,100000.0,10000.0,1.0,10,0.0,10,60,1.15,0.22,1.0,5,0.2,False,lb=5/20 w=eq band=0.195 algo=100000 reg=10/60@1.15x0.22 xs=5@0.20,159.65,200.12,1.986,31230324.0,203.36,116.05,13.08,True
"(5, 20)",,0.195,100000.0,10000.0,1.0,10,0.0,10,60,1.15,0.22,1.0,5,0.2,True,lb=5/20 w=eq band=0.195 algo=100000 reg=10/60@1.15x0.22 xs=5@0.20+algo,154.64,195.69,1.941,31239370.0,193.88,115.58,15.44,True
